Name,Title,Location
Antoine Collignon,Concept Artist,Valencia Spain
Robbert Middelkoop,Concept Artist,Rotterdam Netherlands
Nivanh Chanthara,Concept Artist,Montreal Canada
Min Gyu Lee,Concept Artist,Seoul Korea
Trevor Storey,Concept Artist,Newcastle upon Tyne United Kingdom
Maxime Delcambre,Concept Artist,Paris France
Simon Stålenhag,Concept Artist,Sweden
Daryl Mandryk,Concept Artist,Vancouver Canada
Col Price,Concept Artist,Liverpool United Kingdom
Wadim Kashin,Concept Artist,Moscow Russia
Neil Branquinho,Concept Artist,London United Kingdom
Alexander Dudar,Concept Artist,Krakow Poland
Adrian Marc,Concept Artist,Brasov Romania
J.C. Park,Concept Artist,Hamburg Germany
Darek Zabrocki,Concept Artist,Gdansk Poland
Piotr Ruszkowski,Concept Artist,Gdansk Poland
Nicolas Pierquin,Concept Artist,Melbourne Australia
Pablo Olivera,Concept Artist,Buenos Aires
Derek Weselake,Concept Artist,Vancouver Canada
Dmitry Sorokin,Concept Designer,Samara Russia
Wojtek Fus,Concept Designer,Gdansk Poland
Eddie Del Rio,Concept Designer,San Francisco California
Andrey Snitsar,Concept Designer,Kyiv Ukraine
Wouter Gort,Concept Designer,Amsterdam, Netherlands
Nick Hiatt,Art Director,Los Angeles California
James Clyne,Art Director,San Francisco California
Artur Sadlos,Art Director,Tokyo Japan
Job Menting,Environment Artist,Enschede Netherlands
Dylan Kowalski,Character Artist,Avignon France
Krzysiek Burzyński,Game Artist,Warsaw Poland
Alejandro Mirabal,Comic Artist,Miami Florida
